id;start_date;end_date;language
1;2023-01-31T12:53:17;2023-01-31T10:43:32;SPANISH
2;2023-01-30T22:20:52;2023-01-31T07:46:21;ENGLISH
3;2023-01-31T08:17:04;2023-01-30T20:22:12;INDONESIA
4;2023-01-31T12:47:53;2023-01-30T18:14:12;FRENCH
5;2023-01-31T15:04:16;2023-01-30T23:23:14;ENGLISH
6;2023-01-31T00:34:59;2023-01-31T14:35:19;INDONESIA
7;2023-01-31T08:38:47;2023-01-30T19:12:56;ENGLISH
8;2023-01-30T23:04:40;2023-01-30T19:40:29;FRENCH
9;2023-01-30T23:56:18;2023-01-31T11:27:44;ENGLISH
10;2023-01-30T19:53:16;2023-01-31T12:50:45;FRENCH
